[
  {
    "id": "16a56286-0d42-4170-9585-6056f5e12f89",
    "ownerId": "u1",
    "originalName": "where.wav",
    "baseName": "where",
    "uploadedPath": "/home/moses/Assignment1/storage/uploads/1756464553846_where.wav",
    "outputs": [
      {
        "filePath": "/home/moses/Assignment1/storage/tmp/16a56286-0d42-4170-9585-6056f5e12f89/where_HQ_320kbps.mp3",
        "name": "where_HQ_320kbps.mp3"
      },
      {
        "filePath": "/home/moses/Assignment1/storage/tmp/16a56286-0d42-4170-9585-6056f5e12f89/where_MQ_192kbps.mp3",
        "name": "where_MQ_192kbps.mp3"
      },
      {
        "filePath": "/home/moses/Assignment1/storage/tmp/16a56286-0d42-4170-9585-6056f5e12f89/where_LQ_96kbps_mono.mp3",
        "name": "where_LQ_96kbps_mono.mp3"
      }
    ],
    "startedAt": "2025-08-29T10:49:13.855Z",
    "finishedAt": "2025-08-29T10:49:14.348Z"
  },
  {
    "id": "9e4a99a6-114a-44ac-909e-dcd2ca703ca8",
    "ownerId": "u1",
    "originalName": "where.wav",
    "baseName": "where",
    "uploadedPath": "/home/moses/Assignment1/storage/uploads/1756466608779_where.wav",
    "outputs": [
      {
        "filePath": "/home/moses/Assignment1/storage/tmp/9e4a99a6-114a-44ac-909e-dcd2ca703ca8/where_HQ_320kbps.mp3",
        "name": "where_HQ_320kbps.mp3"
      },
      {
        "filePath": "/home/moses/Assignment1/storage/tmp/9e4a99a6-114a-44ac-909e-dcd2ca703ca8/where_MQ_192kbps.mp3",
        "name": "where_MQ_192kbps.mp3"
      },
      {
        "filePath": "/home/moses/Assignment1/storage/tmp/9e4a99a6-114a-44ac-909e-dcd2ca703ca8/where_LQ_96kbps_mono.mp3",
        "name": "where_LQ_96kbps_mono.mp3"
      }
    ],
    "startedAt": "2025-08-29T11:23:28.788Z",
    "finishedAt": "2025-08-29T11:23:29.312Z",
    "status": "done",
    "processingMs": 524
  },
  {
    "id": "8f2d5f83-c6f4-4530-b752-9ac4821c22e3",
    "ownerId": "u1",
    "originalName": "where.wav",
    "baseName": "where",
    "uploadedPath": "/home/moses/Assignment1/storage/uploads/1756466612202_where.wav",
    "outputs": [
      {
        "filePath": "/home/moses/Assignment1/storage/tmp/8f2d5f83-c6f4-4530-b752-9ac4821c22e3/where_HQ_320kbps.mp3",
        "name": "where_HQ_320kbps.mp3"
      },
      {
        "filePath": "/home/moses/Assignment1/storage/tmp/8f2d5f83-c6f4-4530-b752-9ac4821c22e3/where_MQ_192kbps.mp3",
        "name": "where_MQ_192kbps.mp3"
      },
      {
        "filePath": "/home/moses/Assignment1/storage/tmp/8f2d5f83-c6f4-4530-b752-9ac4821c22e3/where_LQ_96kbps_mono.mp3",
        "name": "where_LQ_96kbps_mono.mp3"
      }
    ],
    "startedAt": "2025-08-29T11:23:32.212Z",
    "finishedAt": "2025-08-29T11:23:32.670Z",
    "status": "done",
    "processingMs": 458
  },
  {
    "id": "bd6be71d-681d-4ec4-8332-4d9bf6fd0eb1",
    "ownerId": "u1",
    "originalName": "where.wav",
    "baseName": "where",
    "uploadedPath": "/home/moses/Assignment1/storage/uploads/1756466614568_where.wav",
    "outputs": [
      {
        "filePath": "/home/moses/Assignment1/storage/tmp/bd6be71d-681d-4ec4-8332-4d9bf6fd0eb1/where_HQ_320kbps.mp3",
        "name": "where_HQ_320kbps.mp3"
      },
      {
        "filePath": "/home/moses/Assignment1/storage/tmp/bd6be71d-681d-4ec4-8332-4d9bf6fd0eb1/where_MQ_192kbps.mp3",
        "name": "where_MQ_192kbps.mp3"
      },
      {
        "filePath": "/home/moses/Assignment1/storage/tmp/bd6be71d-681d-4ec4-8332-4d9bf6fd0eb1/where_LQ_96kbps_mono.mp3",
        "name": "where_LQ_96kbps_mono.mp3"
      }
    ],
    "startedAt": "2025-08-29T11:23:34.575Z",
    "finishedAt": "2025-08-29T11:23:35.064Z",
    "status": "done",
    "processingMs": 489
  },
  {
    "id": "42b8a63d-f211-4323-b4d3-bab098efefdc",
    "ownerId": "u1",
    "originalName": "where.wav",
    "baseName": "where",
    "uploadedPath": "/home/moses/Assignment1/storage/uploads/1756470715755_where.wav",
    "outputs": [
      {
        "filePath": "/home/moses/Assignment1/storage/tmp/42b8a63d-f211-4323-b4d3-bab098efefdc/where_HQ_320kbps.mp3",
        "name": "where_HQ_320kbps.mp3"
      },
      {
        "filePath": "/home/moses/Assignment1/storage/tmp/42b8a63d-f211-4323-b4d3-bab098efefdc/where_MQ_192kbps.mp3",
        "name": "where_MQ_192kbps.mp3"
      },
      {
        "filePath": "/home/moses/Assignment1/storage/tmp/42b8a63d-f211-4323-b4d3-bab098efefdc/where_LQ_96kbps_mono.mp3",
        "name": "where_LQ_96kbps_mono.mp3"
      }
    ],
    "startedAt": "2025-08-29T12:31:55.768Z",
    "finishedAt": "2025-08-29T12:31:56.574Z",
    "status": "done",
    "processingMs": 806
  },
  {
    "id": "8124164b-e5c9-46ac-87a7-ac729affea9d",
    "ownerId": "u1",
    "originalName": "where.wav",
    "baseName": "where",
    "uploadedPath": "/home/moses/Assignment1/storage/uploads/1756484837887_where.wav",
    "outputs": [
      {
        "filePath": "/home/moses/Assignment1/storage/tmp/8124164b-e5c9-46ac-87a7-ac729affea9d/where_HQ_320kbps.mp3",
        "name": "where_HQ_320kbps.mp3"
      },
      {
        "filePath": "/home/moses/Assignment1/storage/tmp/8124164b-e5c9-46ac-87a7-ac729affea9d/where_MQ_192kbps.mp3",
        "name": "where_MQ_192kbps.mp3"
      },
      {
        "filePath": "/home/moses/Assignment1/storage/tmp/8124164b-e5c9-46ac-87a7-ac729affea9d/where_LQ_96kbps_mono.mp3",
        "name": "where_LQ_96kbps_mono.mp3"
      }
    ],
    "startedAt": "2025-08-29T16:27:17.903Z",
    "finishedAt": "2025-08-29T16:27:18.968Z",
    "status": "done",
    "processingMs": 1065
  },
  {
    "id": "eb6baf61-1eac-41d7-9392-fd34b9e78c4c",
    "ownerId": "u1",
    "originalName": "where.wav",
    "baseName": "where",
    "uploadedPath": "/home/moses/Assignment1/storage/uploads/1756485240375_where.wav",
    "outputs": [
      {
        "filePath": "/home/moses/Assignment1/storage/tmp/eb6baf61-1eac-41d7-9392-fd34b9e78c4c/where_HQ_320kbps.mp3",
        "name": "where_HQ_320kbps.mp3"
      },
      {
        "filePath": "/home/moses/Assignment1/storage/tmp/eb6baf61-1eac-41d7-9392-fd34b9e78c4c/where_MQ_192kbps.mp3",
        "name": "where_MQ_192kbps.mp3"
      },
      {
        "filePath": "/home/moses/Assignment1/storage/tmp/eb6baf61-1eac-41d7-9392-fd34b9e78c4c/where_LQ_96kbps_mono.mp3",
        "name": "where_LQ_96kbps_mono.mp3"
      }
    ],
    "startedAt": "2025-08-29T16:34:00.386Z",
    "finishedAt": "2025-08-29T16:34:00.951Z",
    "status": "done",
    "processingMs": 565
  },
  {
    "id": "aef98899-2d71-426a-9c89-7f5bc9694e15",
    "ownerId": "u1",
    "originalName": "where.wav",
    "baseName": "where",
    "uploadedPath": "/home/moses/Assignment1/storage/uploads/1756485401750_where.wav",
    "outputs": [
      {
        "filePath": "/home/moses/Assignment1/storage/tmp/aef98899-2d71-426a-9c89-7f5bc9694e15/where_HQ_320kbps.mp3",
        "name": "where_HQ_320kbps.mp3"
      },
      {
        "filePath": "/home/moses/Assignment1/storage/tmp/aef98899-2d71-426a-9c89-7f5bc9694e15/where_MQ_192kbps.mp3",
        "name": "where_MQ_192kbps.mp3"
      },
      {
        "filePath": "/home/moses/Assignment1/storage/tmp/aef98899-2d71-426a-9c89-7f5bc9694e15/where_LQ_96kbps_mono.mp3",
        "name": "where_LQ_96kbps_mono.mp3"
      }
    ],
    "startedAt": "2025-08-29T16:36:41.756Z",
    "finishedAt": "2025-08-29T16:36:42.239Z",
    "status": "done",
    "processingMs": 483
  },
  {
    "id": "fd7fc941-eded-423b-b537-dc136c0508eb",
    "ownerId": "u1",
    "originalName": "where.wav",
    "baseName": "where",
    "uploadedPath": "/home/moses/Assignment1/storage/uploads/1756486448185_where.wav",
    "outputs": [
      {
        "filePath": "/home/moses/Assignment1/storage/tmp/fd7fc941-eded-423b-b537-dc136c0508eb/where_HQ_320kbps.mp3",
        "name": "where_HQ_320kbps.mp3"
      },
      {
        "filePath": "/home/moses/Assignment1/storage/tmp/fd7fc941-eded-423b-b537-dc136c0508eb/where_MQ_192kbps.mp3",
        "name": "where_MQ_192kbps.mp3"
      },
      {
        "filePath": "/home/moses/Assignment1/storage/tmp/fd7fc941-eded-423b-b537-dc136c0508eb/where_LQ_96kbps_mono.mp3",
        "name": "where_LQ_96kbps_mono.mp3"
      }
    ],
    "startedAt": "2025-08-29T16:54:08.199Z",
    "finishedAt": "2025-08-29T16:54:08.979Z",
    "status": "done",
    "processingMs": 780
  },
  {
    "id": "487d7dad-1bd3-495a-929a-b65f1e9105ee",
    "ownerId": "u1",
    "originalName": "where.wav",
    "baseName": "where",
    "uploadedPath": "/home/moses/Assignment1/storage/uploads/1756486880026_where.wav",
    "outputs": [
      {
        "filePath": "/home/moses/Assignment1/storage/tmp/487d7dad-1bd3-495a-929a-b65f1e9105ee/where_HQ_320kbps.mp3",
        "name": "where_HQ_320kbps.mp3"
      },
      {
        "filePath": "/home/moses/Assignment1/storage/tmp/487d7dad-1bd3-495a-929a-b65f1e9105ee/where_MQ_192kbps.mp3",
        "name": "where_MQ_192kbps.mp3"
      },
      {
        "filePath": "/home/moses/Assignment1/storage/tmp/487d7dad-1bd3-495a-929a-b65f1e9105ee/where_LQ_96kbps_mono.mp3",
        "name": "where_LQ_96kbps_mono.mp3"
      }
    ],
    "startedAt": "2025-08-29T17:01:20.037Z",
    "finishedAt": "2025-08-29T17:01:20.584Z",
    "status": "done",
    "processingMs": 547
  },
  {
    "id": "71fea6c4-9bfe-4899-8afa-58db0737dfb4",
    "ownerId": "u1",
    "originalName": "where.wav",
    "baseName": "where",
    "uploadedPath": "/home/moses/Assignment1/storage/uploads/1756487368836_where.wav",
    "outputs": [
      {
        "filePath": "/home/moses/Assignment1/storage/tmp/71fea6c4-9bfe-4899-8afa-58db0737dfb4/where_HQ_320kbps.mp3",
        "name": "where_HQ_320kbps.mp3"
      },
      {
        "filePath": "/home/moses/Assignment1/storage/tmp/71fea6c4-9bfe-4899-8afa-58db0737dfb4/where_MQ_192kbps.mp3",
        "name": "where_MQ_192kbps.mp3"
      },
      {
        "filePath": "/home/moses/Assignment1/storage/tmp/71fea6c4-9bfe-4899-8afa-58db0737dfb4/where_LQ_96kbps_mono.mp3",
        "name": "where_LQ_96kbps_mono.mp3"
      }
    ],
    "startedAt": "2025-08-29T17:09:28.854Z",
    "finishedAt": "2025-08-29T17:09:29.754Z",
    "status": "done",
    "processingMs": 900
  },
  {
    "id": "3beb4e99-0a08-4218-9191-cfc87097611d",
    "ownerId": "u1",
    "originalName": "where.wav",
    "baseName": "where",
    "uploadedPath": "/home/moses/Assignment1/storage/uploads/1756534749073_where.wav",
    "outputs": [
      {
        "filePath": "/home/moses/Assignment1/storage/tmp/3beb4e99-0a08-4218-9191-cfc87097611d/where_HQ_320kbps.mp3",
        "name": "where_HQ_320kbps.mp3"
      },
      {
        "filePath": "/home/moses/Assignment1/storage/tmp/3beb4e99-0a08-4218-9191-cfc87097611d/where_MQ_192kbps.mp3",
        "name": "where_MQ_192kbps.mp3"
      },
      {
        "filePath": "/home/moses/Assignment1/storage/tmp/3beb4e99-0a08-4218-9191-cfc87097611d/where_LQ_96kbps_mono.mp3",
        "name": "where_LQ_96kbps_mono.mp3"
      }
    ],
    "startedAt": "2025-08-30T06:19:09.100Z",
    "finishedAt": "2025-08-30T06:19:10.695Z",
    "status": "done",
    "processingMs": 1595
  },
  {
    "id": "58d1ec3e-dcf3-4603-a92b-c22f16937e61",
    "ownerId": "u1",
    "originalName": "where.wav",
    "baseName": "where",
    "uploadedPath": "/home/moses/Assignment1/storage/uploads/1756536046737_where.wav",
    "outputs": [
      {
        "filePath": "/home/moses/Assignment1/storage/tmp/58d1ec3e-dcf3-4603-a92b-c22f16937e61/where_HQ_320kbps.mp3",
        "name": "where_HQ_320kbps.mp3"
      },
      {
        "filePath": "/home/moses/Assignment1/storage/tmp/58d1ec3e-dcf3-4603-a92b-c22f16937e61/where_MQ_192kbps.mp3",
        "name": "where_MQ_192kbps.mp3"
      },
      {
        "filePath": "/home/moses/Assignment1/storage/tmp/58d1ec3e-dcf3-4603-a92b-c22f16937e61/where_LQ_96kbps_mono.mp3",
        "name": "where_LQ_96kbps_mono.mp3"
      }
    ],
    "startedAt": "2025-08-30T06:40:46.754Z",
    "finishedAt": "2025-08-30T06:40:47.482Z",
    "status": "done",
    "processingMs": 728
  },
  {
    "id": "9d73a21c-5134-4f1f-8fd1-49c52b3b0a7f",
    "ownerId": "u1",
    "originalName": "where.wav",
    "baseName": "where",
    "uploadedPath": "/home/moses/Assignment1/storage/uploads/1756542403347_where.wav",
    "outputs": [
      {
        "filePath": "/home/moses/Assignment1/storage/tmp/9d73a21c-5134-4f1f-8fd1-49c52b3b0a7f/where_HQ_320kbps.mp3",
        "name": "where_HQ_320kbps.mp3"
      },
      {
        "filePath": "/home/moses/Assignment1/storage/tmp/9d73a21c-5134-4f1f-8fd1-49c52b3b0a7f/where_MQ_192kbps.mp3",
        "name": "where_MQ_192kbps.mp3"
      },
      {
        "filePath": "/home/moses/Assignment1/storage/tmp/9d73a21c-5134-4f1f-8fd1-49c52b3b0a7f/where_LQ_96kbps_mono.mp3",
        "name": "where_LQ_96kbps_mono.mp3"
      }
    ],
    "startedAt": "2025-08-30T08:26:43.356Z",
    "finishedAt": "2025-08-30T08:26:44.266Z",
    "status": "done",
    "processingMs": 910
  }
]
